,Etot,Tamb,TambForecast,EtotPeakHour
2016-01-01,1.946,4.464,4.464,21
2016-01-02,2.17,7.61,4.464,12
2016-01-03,1.7969999999999997,9.55,7.61,21
2016-01-04,2.061,8.73,9.55,13
2016-01-05,1.822,8.89,8.73,8
2016-01-06,3.0950000000000006,8.94,8.89,20
2016-01-07,2.208,4.124,8.94,19
2016-01-08,1.824,-0.177,4.124,18
2016-01-09,1.723,1.889,-0.177,21
2016-01-10,1.808,3.902,1.889,9
2016-01-11,3.267,7.69,3.902,14
2016-01-12,3.0329999999999995,10.9,7.69,22
2016-01-13,3.0050000000000003,13.29,10.9,1
2016-01-14,2.18,7.45,13.29,23
2016-01-15,2.988,3.999,7.45,2
2016-01-16,3.083,4.662,3.999,23
2016-01-17,3.1009999999999995,8.0,4.662,4
2016-01-18,3.015,11.01,8.0,20
2016-01-19,1.622,8.8,11.01,6
2016-01-20,3.447,9.37,8.8,18
2016-01-21,3.044,6.422,9.37,22
2016-01-22,3.032,14.43,6.422,2
2016-01-23,3.0820000000000003,15.67,14.43,23
2016-01-24,3.2270000000000003,8.72,15.67,20
2016-01-25,3.1000000000000005,3.939,8.72,21
2016-01-26,3.1800000000000006,8.82,3.939,21
2016-01-27,3.133,13.06,8.82,21
2016-01-28,3.3469999999999995,18.58,13.06,8
2016-01-29,3.1129999999999995,14.83,18.58,19
2016-01-30,1.8520000000000003,18.9,14.83,11
2016-01-31,3.092,2.182,18.9,21
2016-02-01,3.003,-1.517,2.182,1
2016-02-02,3.038,-3.677,-1.517,0
2016-02-03,1.802,-1.428,-3.677,12
2016-02-04,1.829,3.733,-1.428,19
2016-02-05,3.198,5.231,3.733,23
2016-02-06,2.689,11.73,5.231,0
2016-02-07,1.806,6.845,11.73,18
2016-02-08,1.6329999999999998,10.97,6.845,23
2016-02-09,1.703,15.18,10.97,21
2016-02-10,1.6749999999999998,20.03,15.18,21
2016-02-11,1.6999999999999995,18.08,20.03,21
2016-02-12,1.6869999999999996,12.79,18.08,23
2016-02-13,1.6709999999999998,19.32,12.79,22
2016-02-14,1.992,11.46,19.32,20
2016-02-15,2.906,15.21,11.46,20
2016-02-16,3.204,15.35,15.21,21
2016-02-17,2.6530000000000005,19.25,15.35,20
2016-02-18,1.7299999999999995,24.63,19.25,21
2016-02-19,1.7019999999999995,19.47,24.63,0
2016-02-20,1.86,19.25,19.47,22
2016-02-21,1.6609999999999996,10.13,19.25,0
2016-02-22,2.2960000000000003,9.94,10.13,21
2016-02-23,3.2260000000000004,6.062,9.94,21
2016-02-24,1.82,11.79,6.062,21
2016-02-25,3.0709999999999997,12.45,11.79,20
2016-02-26,1.842,19.44,12.45,11
2016-02-27,3.066,20.29,19.44,23
2016-02-28,2.987,20.16,20.29,0
2016-02-29,2.857,17.56,20.16,9
2016-03-01,1.5999999999999996,15.27,17.56,0
2016-03-02,2.998,14.93,15.27,23
2016-03-03,3.021,18.46,14.93,1
2016-03-04,1.7759999999999998,15.46,18.46,21
2016-03-05,2.036,17.97,15.46,19
2016-03-06,1.608,18.97,17.97,2
2016-03-07,3.169,11.87,18.97,19
2016-03-08,3.0569999999999995,12.51,11.87,21
2016-03-09,2.426,13.61,12.51,20
2016-03-10,1.7520000000000002,22.13,13.61,6
2016-03-11,1.959,23.45,22.13,12
2016-03-12,3.174,18.23,23.45,10
2016-03-13,1.733,18.66,18.23,20
2016-03-14,3.045,16.69,18.66,20
2016-03-15,3.187,7.48,16.69,19
2016-03-16,2.688,9.55,7.48,9
2016-03-17,3.1750000000000003,1.913,9.55,23
2016-03-18,3.134,0.441,1.913,0
2016-03-19,3.1860000000000004,4.43,0.441,10
2016-03-20,1.749,20.77,4.43,20
2016-03-21,2.177,24.58,20.77,8
2016-03-22,1.7,22.89,24.58,20
2016-03-23,3.139,4.228,22.89,15
2016-03-24,3.706,14.7,4.228,21
2016-03-25,3.076,8.47,14.7,3
2016-03-26,3.195,6.333,8.47,12
2016-03-27,3.223,17.94,6.333,23
2016-03-28,3.1049999999999995,17.9,17.94,0
2016-03-29,3.404,13.29,17.9,19
2016-03-30,3.434,9.01,13.29,21
2016-03-31,2.4840000000000004,4.378,9.01,21
2016-04-01,1.968,14.13,4.378,11
2016-04-02,1.904,19.98,14.13,9
2016-04-03,2.504,21.06,19.98,21
2016-04-04,1.21,24.07,21.06,20
2016-04-05,1.771,18.43,24.07,21
2016-04-06,3.5289999999999995,21.72,18.43,10
2016-04-07,0.728,19.93,21.72,6
2016-04-08,1.483,19.96,19.93,21
2016-04-09,0.946,21.52,19.96,20
2016-04-10,2.473,20.81,21.52,18
2016-04-11,1.785,16.45,20.81,9
2016-04-12,0.967,21.95,16.45,19
2016-04-13,1.806,23.31,21.95,12
2016-04-14,0.706,25.5,23.31,11
2016-04-15,1.826,11.98,25.5,16
2016-04-16,3.0969999999999995,1.6,11.98,21
2016-04-17,3.07,2.919,1.6,5
2016-04-18,3.169,10.59,2.919,22
2016-04-19,3.012,11.86,10.59,0
2016-04-20,3.099,15.1,11.86,2
2016-04-21,3.03,20.39,15.1,0
2016-04-22,1.724,28.33,20.39,9
2016-04-23,1.6429999999999998,27.37,28.33,23
2016-04-24,1.628,18.83,27.37,0
2016-04-25,1.215,20.37,18.83,14
2016-04-26,1.669,9.74,20.37,20
2016-04-27,1.803,14.46,9.74,19
2016-04-28,3.1009999999999995,4.088,14.46,21
2016-04-29,2.757,3.155,4.088,20
2016-04-30,3.068,3.305,3.155,22
2016-05-01,3.151,6.542,3.305,20
2016-05-02,1.85,18.69,6.542,11
2016-05-03,1.621,20.26,18.69,20
2016-05-04,0.606,24.93,20.26,21
2016-05-05,0.398,28.73,24.93,6
2016-05-06,0.422,26.91,28.73,7
2016-05-07,1.752,14.17,26.91,21
2016-05-08,1.642,15.69,14.17,20
2016-05-09,1.7159999999999995,18.98,15.69,21
2016-05-10,1.7249999999999996,19.32,18.98,21
2016-05-11,1.73,17.03,19.32,22
2016-05-12,1.65,24.07,17.03,0
2016-05-13,1.822,21.73,24.07,23
2016-05-14,1.726,10.43,21.73,22
2016-05-15,3.027,12.47,10.43,23
2016-05-16,3.04,8.93,12.47,2
2016-05-17,1.62,9.38,8.93,0
2016-05-18,0.811,20.88,9.38,5
2016-05-19,0.999,24.47,20.88,8
2016-05-20,1.293,29.65,24.47,20
2016-05-21,0.5710000000000001,30.73,29.65,21
2016-05-22,1.303,22.86,30.73,20
2016-05-23,1.231,19.27,22.86,9
2016-05-24,0.54,22.67,19.27,13
2016-05-25,0.737,22.89,22.67,9
2016-05-26,1.947,18.46,22.89,22
2016-05-27,1.823,15.98,18.46,0
2016-05-28,1.6609999999999998,22.29,15.98,20
2016-05-29,0.591,26.02,22.29,22
2016-05-30,0.477,27.06,26.02,7
2016-05-31,1.6840000000000002,19.36,27.06,23
2016-06-01,1.601,23.82,19.36,0
2016-06-02,0.571,28.95,23.82,16
2016-06-03,0.5630000000000001,27.73,28.95,5
2016-06-04,0.596,26.85,27.73,14
2016-06-05,1.014,29.75,26.85,20
2016-06-06,0.995,29.41,29.75,14
2016-06-07,0.5449999999999999,25.79,29.41,15
2016-06-08,0.5519999999999999,28.32,25.79,20
2016-06-09,0.5690000000000001,32.54,28.32,22
2016-06-10,1.185,34.67,32.54,14
2016-06-11,0.56,34.58,34.67,12
2016-06-12,0.655,30.92,34.58,0
2016-06-13,0.664,23.77,30.92,15
2016-06-14,0.628,29.05,23.77,17
2016-06-15,0.537,34.21,29.05,20
2016-06-16,0.623,34.13,34.21,21
2016-06-17,0.687,31.87,34.13,18
2016-06-18,0.562,35.73,31.87,19
2016-06-19,0.817,37.36,35.73,15
2016-06-20,0.771,23.1,37.36,18
2016-06-21,0.938,38.79,23.1,15
2016-06-22,0.707,26.58,38.79,16
2016-06-23,1.004,32.42,26.58,16
2016-06-24,1.075,32.37,32.42,12
2016-06-25,0.633,29.76,32.37,13
2016-06-26,0.7230000000000001,34.73,29.76,13
2016-06-27,0.478,33.6,34.73,20
2016-06-28,0.6570000000000001,34.16,33.6,7
2016-06-29,0.6880000000000001,31.85,34.16,17
2016-06-30,0.506,24.73,31.85,19
2016-07-01,1.3809999999999998,26.23,24.73,12
2016-07-02,0.4189999999999999,25.22,26.23,8
2016-07-03,0.6940000000000002,30.41,25.22,13
2016-07-04,0.566,35.57,30.41,9
2016-07-05,0.6410000000000001,30.68,35.57,17
2016-07-06,0.45,36.66,30.68,8
2016-07-07,0.499,32.49,36.66,16
2016-07-08,0.738,31.59,32.49,9
2016-07-09,0.939,39.27,31.59,21
2016-07-10,0.5910000000000001,37.77,39.27,17
2016-07-11,0.7550000000000001,34.62,37.77,16
2016-07-12,0.969,33.79,34.62,5
2016-07-13,0.614,35.23,33.79,17
2016-07-14,0.503,29.79,35.23,7
2016-07-15,0.611,31.36,29.79,13
2016-07-16,0.687,34.82,31.36,21
2016-07-17,0.714,31.89,34.82,8
2016-07-18,0.84,32.85,31.89,14
2016-07-19,1.082,34.17,32.85,20
2016-07-20,0.8,33.18,34.17,9
2016-07-21,1.132,34.74,33.18,12
2016-07-22,1.455,38.37,34.74,10
2016-07-23,0.657,36.32,38.37,9
2016-07-24,0.633,32.87,36.32,6
2016-07-25,0.7110000000000001,31.87,32.87,6
2016-07-26,0.598,33.53,31.87,15
2016-07-27,0.95,36.29,33.53,2
2016-07-28,0.6549999999999999,29.53,36.29,7
2016-07-29,0.493,33.0,29.53,21
2016-07-30,0.5990000000000001,34.1,33.0,22
2016-07-31,0.591,32.19,34.1,10
2016-08-01,0.401,34.3,32.19,17
2016-08-02,0.484,34.59,34.3,19
2016-08-03,0.539,35.89,34.59,7
2016-08-04,0.476,22.57,35.89,15
2016-08-05,0.513,24.54,22.57,12
2016-08-06,0.4399999999999999,29.8,24.54,17
2016-08-07,0.415,31.41,29.8,19
2016-08-08,0.609,34.8,31.41,9
2016-08-09,0.599,36.52,34.8,15
2016-08-10,0.665,32.98,36.52,2
2016-08-11,0.466,32.53,32.98,21
2016-08-12,0.568,29.13,32.53,12
2016-08-13,0.392,32.01,29.13,8
2016-08-14,0.489,35.23,32.01,21
2016-08-15,0.4619999999999999,32.84,35.23,17
2016-08-16,0.552,33.0,32.84,7
2016-08-17,0.49,32.09,33.0,6
2016-08-18,0.377,29.7,32.09,16
2016-08-19,0.458,26.28,29.7,16
2016-08-20,0.387,26.03,26.28,22
2016-08-21,0.55,33.5,26.03,12
2016-08-22,0.393,32.02,33.5,5
2016-08-23,0.451,28.19,32.02,11
2016-08-24,0.526,19.8,28.19,5
2016-08-25,1.095,20.04,19.8,20
2016-08-26,0.48,27.75,20.04,14
2016-08-27,0.737,29.65,27.75,19
2016-08-28,0.6180000000000001,30.62,29.65,9
2016-08-29,0.404,27.33,30.62,20
2016-08-30,0.5680000000000001,27.79,27.33,6
2016-08-31,0.713,27.61,27.79,19
2016-09-01,0.725,30.66,27.61,7
2016-09-02,0.479,32.85,30.66,4
2016-09-03,0.768,29.34,32.85,11
2016-09-04,0.76,32.91,29.34,21
2016-09-05,0.7040000000000001,34.57,32.91,10
2016-09-06,0.593,26.29,34.57,19
2016-09-07,0.414,32.63,26.29,15
2016-09-08,0.432,35.56,32.63,20
2016-09-09,0.3839999999999999,23.16,35.56,7
2016-09-10,0.646,33.27,23.16,12
2016-09-11,0.499,34.1,33.27,21
2016-09-12,0.394,22.2,34.1,16
2016-09-13,0.453,16.62,22.2,14
2016-09-14,0.8200000000000001,24.43,16.62,9
2016-09-15,0.881,22.74,24.43,13
2016-09-16,0.4459999999999999,23.74,22.74,9
2016-09-17,0.414,28.32,23.74,10
2016-09-18,0.552,33.62,28.32,8
2016-09-19,0.513,35.43,33.62,13
2016-09-20,0.58,31.57,35.43,12
2016-09-21,0.748,30.37,31.57,16
2016-09-22,0.5670000000000001,23.7,30.37,6
2016-09-23,0.454,32.17,23.7,6
2016-09-24,0.7310000000000001,21.01,32.17,21
2016-09-25,0.519,22.7,21.01,11
2016-09-26,0.446,26.58,22.7,20
2016-09-27,0.625,30.41,26.58,9
2016-09-28,0.508,29.56,30.41,11
2016-09-29,0.52,27.16,29.56,17
2016-09-30,0.516,24.06,27.16,5
2016-10-01,0.728,31.5,24.06,7
2016-10-02,1.265,29.18,31.5,20
2016-10-03,0.794,26.96,29.18,12
2016-10-04,0.42,17.01,26.96,19
2016-10-05,0.445,17.91,17.01,6
2016-10-06,2.4450000000000003,14.59,17.91,17
2016-10-07,1.709,21.69,14.59,1
2016-10-08,0.379,24.53,21.69,7
2016-10-09,0.678,23.74,24.53,17
2016-10-10,0.5220000000000001,25.18,23.74,7
2016-10-11,0.6579999999999999,26.36,25.18,6
2016-10-12,1.287,8.32,26.36,18
2016-10-13,1.6739999999999997,26.04,8.32,0
2016-10-14,0.509,27.28,26.04,15
2016-10-15,0.7060000000000001,29.28,27.28,18
2016-10-16,0.8750000000000001,30.79,29.28,18
2016-10-17,0.648,24.2,30.79,5
2016-10-18,1.0239999999999998,17.45,24.2,20
2016-10-19,1.7639999999999998,15.11,17.45,21
2016-10-20,2.658,17.55,15.11,21
2016-10-21,0.436,28.51,17.55,17
2016-10-22,0.68,27.73,28.51,9
2016-10-23,0.841,21.53,27.73,11
2016-10-24,0.5569999999999999,26.53,21.53,10
2016-10-25,0.434,23.93,26.53,6
2016-10-26,0.525,24.65,23.93,6
2016-10-27,0.635,28.44,24.65,19
2016-10-28,1.6439999999999997,27.0,28.44,22
2016-10-29,0.54,25.51,27.0,6
2016-10-30,0.468,23.98,25.51,6
2016-10-31,0.489,26.14,23.98,15
2016-11-01,0.426,18.46,26.14,18
2016-11-02,0.478,16.53,18.46,20
2016-11-03,0.945,21.49,16.53,9
2016-11-04,1.731,21.24,21.49,22
2016-11-05,1.761,19.01,21.24,20
2016-11-06,1.6969999999999998,20.5,19.01,23
2016-11-07,1.6859999999999995,17.8,20.5,0
2016-11-08,1.7029999999999998,18.73,17.8,22
2016-11-09,1.703,22.82,18.73,1
2016-11-10,1.67,20.29,22.82,23
2016-11-11,1.805,16.23,20.29,22
2016-11-12,1.802,21.34,16.23,21
2016-11-13,1.739,18.76,21.34,0
2016-11-14,1.657,21.83,18.76,23
2016-11-15,1.6589999999999998,26.33,21.83,1
2016-11-16,0.473,26.5,26.33,13
2016-11-17,1.755,6.767,26.5,21
2016-11-18,1.763,3.51,6.767,21
2016-11-19,3.1029999999999998,8.72,3.51,11
2016-11-20,2.013,19.99,8.72,16
2016-11-21,1.686,18.35,19.99,21
2016-11-22,1.76,8.45,18.35,20
2016-11-23,2.273,9.64,8.45,19
2016-11-24,1.985,9.24,9.64,10
2016-11-25,1.843,17.58,9.24,21
2016-11-26,1.695,16.47,17.58,21
2016-11-27,1.801,10.07,16.47,15
2016-11-28,1.847,6.007,10.07,9
2016-11-29,1.835,4.629,6.007,13
2016-11-30,1.6719999999999997,5.097,4.629,22
2016-12-01,1.927,5.685,5.097,20
2016-12-02,2.232,0.917,5.685,12
2016-12-03,2.1590000000000003,4.95,0.917,12
2016-12-04,1.732,12.68,4.95,22
2016-12-05,1.659,11.19,12.68,4
2016-12-06,3.04,-0.77,11.19,22
2016-12-07,3.0449999999999995,-7.4,-0.77,1
2016-12-08,1.759,-6.141,-7.4,7
2016-12-09,1.85,9.64,-6.141,18
2016-12-10,1.6569999999999998,16.29,9.64,23
2016-12-11,2.051,6.784,16.29,22
2016-12-12,3.952,5.947,6.784,10
2016-12-13,1.7079999999999995,8.58,5.947,23
2016-12-14,1.839,-2.511,8.58,19
2016-12-15,3.09,18.39,-2.511,23
2016-12-16,3.0729999999999995,5.671,18.39,0
2016-12-17,2.872,-13.29,5.671,23
2016-12-18,3.11,-1.962,-13.29,0
2016-12-19,1.7199999999999998,9.19,-1.962,20
2016-12-20,1.817,15.43,9.19,23
2016-12-21,2.385,5.955,15.43,0
2016-12-22,2.234,4.194,5.955,14
2016-12-23,1.827,12.23,4.194,7
2016-12-24,2.035,10.88,12.23,19
2016-12-25,2.472,5.181,10.88,17
2016-12-26,1.849,6.424,5.181,23
2016-12-27,3.188,8.57,6.424,4
2016-12-28,1.933,10.46,8.57,7
2016-12-29,3.415,6.623,10.46,11
2016-12-30,1.868,18.02,6.623,7
2016-12-31,1.807,4.955,18.02,3
2017-01-01,3.907,7.77,4.955,19
2017-01-02,1.826,9.74,7.77,22
2017-01-03,2.038,0.231,9.74,7
2017-01-04,1.843,-9.27,0.231,18
2017-01-05,3.179,-11.93,-9.27,6
2017-01-06,2.002,-0.286,-11.93,19
2017-01-07,3.2670000000000003,-0.1,-0.286,6
2017-01-08,3.53,11.78,-0.1,12
2017-01-09,1.941,17.56,11.78,17
2017-01-10,1.918,11.02,17.56,10
2017-01-11,2.003,13.47,11.02,18
2017-01-12,1.7809999999999997,5.899,13.47,21
2017-01-13,3.2310000000000003,5.605,5.899,23
2017-01-14,3.225,4.944,5.605,0
2017-01-15,3.314,2.818,4.944,20
2017-01-16,3.1169999999999995,3.822,2.818,3
2017-01-17,1.834,9.29,3.822,7
2017-01-18,3.337,13.47,9.29,9
2017-01-19,2.014,12.77,13.47,21
2017-01-20,2.7379999999999995,9.04,12.77,13
2017-01-21,1.888,5.225,9.04,14
2017-01-22,1.738,8.78,5.225,21
2017-01-23,3.139,11.94,8.78,10
2017-01-24,2.508,0.642,11.94,20
2017-01-25,1.845,-0.691,0.642,12
2017-01-26,2.253,-0.677,-0.691,20
2017-01-27,3.168,5.872,-0.677,18
2017-01-28,1.943,9.31,5.872,7
2017-01-29,1.82,16.1,9.31,9
2017-01-30,1.8049999999999995,15.8,16.1,21
2017-01-31,1.7599999999999996,17.81,15.8,1
2017-02-01,3.5660000000000003,2.542,17.81,14
2017-02-02,3.623,-3.364,2.542,10
2017-02-03,3.19,-0.164,-3.364,10
2017-02-04,1.721,15.91,-0.164,1
2017-02-05,1.769,15.26,15.91,20
2017-02-06,2.87,16.83,15.26,12
2017-02-07,1.453,17.85,16.83,23
2017-02-08,1.719,15.39,17.85,0
2017-02-09,0.914,21.17,15.39,13
2017-02-10,0.534,26.08,21.17,23
2017-02-11,1.998,11.94,26.08,8
2017-02-12,4.448,9.72,11.94,14
2017-02-13,3.2420000000000004,8.98,9.72,17
2017-02-14,1.895,9.56,8.98,21
2017-02-15,1.805,20.06,9.56,21
2017-02-16,1.767,23.31,20.06,12
2017-02-17,2.5660000000000003,20.12,23.31,23
2017-02-18,2.322,18.99,20.12,0
2017-02-19,2.139,16.36,18.99,11
2017-02-20,0.54,18.93,16.36,9
2017-02-21,1.132,22.46,18.93,10
2017-02-22,1.6489999999999998,15.64,22.46,23
2017-02-23,1.956,1.616,15.64,14
2017-02-24,1.978,-3.207,1.616,9
2017-02-25,1.84,4.727,-3.207,7
2017-02-26,3.174,7.35,4.727,20
2017-02-27,2.725,12.69,7.35,12
2017-02-28,1.944,3.753,12.69,16
2017-03-01,1.705,9.7,3.753,6
2017-03-02,3.224,12.03,9.7,11
2017-03-03,3.13,22.21,12.03,13
2017-03-04,1.6419999999999997,24.0,22.21,2
2017-03-05,1.0859999999999996,20.39,24.0,19
2017-03-06,1.775,9.76,20.39,19
2017-03-07,1.6809999999999998,15.01,9.76,20
2017-03-08,3.0609999999999995,20.71,15.01,4
2017-03-09,1.691,21.2,20.71,20
2017-03-10,1.745,20.46,21.2,23
2017-03-11,1.853,10.63,20.46,13
2017-03-12,1.783,15.22,10.63,6
2017-03-13,1.3689999999999998,15.64,15.22,19
2017-03-14,0.363,21.69,15.64,5
2017-03-15,1.82,25.94,21.69,5
2017-03-16,0.642,25.57,25.94,6
2017-03-17,0.545,22.63,25.57,5
2017-03-18,0.527,28.24,22.63,15
2017-03-19,1.612,27.57,28.24,14
2017-03-20,0.4,23.48,27.57,6
2017-03-21,1.6269999999999998,15.43,23.48,5
2017-03-22,0.726,19.04,15.43,17
2017-03-23,1.635,25.49,19.04,21
2017-03-24,1.679,11.61,25.49,21
2017-03-25,1.726,18.96,11.61,0
2017-03-26,1.6009999999999998,11.18,18.96,17
2017-03-27,1.638,16.57,11.18,21
2017-03-28,1.642,8.49,16.57,19
2017-03-29,1.6149999999999998,15.16,8.49,0
2017-03-30,0.858,19.36,15.16,19
2017-03-31,2.254,8.59,19.36,12
2017-04-01,1.634,5.794,8.59,1
2017-04-02,1.64,18.76,5.794,22
2017-04-03,1.625,14.53,18.76,0
2017-04-04,2.273,6.247,14.53,14
2017-04-05,1.761,17.6,6.247,5
2017-04-06,1.655,22.12,17.6,0
2017-04-07,1.438,24.38,22.12,6
2017-04-08,0.6420000000000001,27.97,24.38,20
2017-04-09,1.6219999999999997,14.99,27.97,19
2017-04-10,2.858,16.94,14.99,9
2017-04-11,0.46,21.93,16.94,17
2017-04-12,1.769,26.22,21.93,17
2017-04-13,0.499,26.88,26.22,11
2017-04-14,0.605,26.11,26.88,5
2017-04-15,0.31,22.96,26.11,6
2017-04-16,0.364,23.66,22.96,6
2017-04-17,0.718,26.5,23.66,6
2017-04-18,1.63,25.22,26.5,22
2017-04-19,0.382,22.2,25.22,9
2017-04-20,1.6529999999999998,17.88,22.2,23
2017-04-21,1.7979999999999996,10.12,17.88,11
2017-04-22,2.059,17.91,10.12,12
2017-04-23,0.876,25.81,17.91,17
2017-04-24,0.951,19.64,25.81,14
2017-04-25,1.797,14.42,19.64,21
2017-04-26,0.351,16.41,14.42,5
2017-04-27,1.7579999999999998,14.15,16.41,20
2017-04-28,1.6279999999999997,12.11,14.15,21
2017-04-29,3.068,0.115,12.11,3
2017-04-30,3.122,17.63,0.115,4
2017-05-01,1.0949999999999998,19.7,17.63,20
2017-05-02,1.6549999999999998,17.69,19.7,10
2017-05-03,1.792,15.12,17.69,12
2017-05-04,0.975,23.72,15.12,0
2017-05-05,0.514,28.05,23.72,5
2017-05-06,0.378,29.41,28.05,6
2017-05-07,0.414,26.63,29.41,7
2017-05-08,1.655,20.05,26.63,20
2017-05-09,1.255,18.77,20.05,6
2017-05-10,1.6149999999999998,13.55,18.77,20
2017-05-11,1.504,20.18,13.55,6
2017-05-12,0.405,30.58,20.18,5
2017-05-13,0.356,31.53,30.58,6
2017-05-14,0.341,24.1,31.53,20
2017-05-15,0.353,27.82,24.1,14
2017-05-16,0.8039999999999999,22.26,27.82,19
2017-05-17,0.5519999999999999,22.74,22.26,8
2017-05-18,3.129,4.073,22.74,18
2017-05-19,1.72,5.164,4.073,4
2017-05-20,1.616,17.76,5.164,0
2017-05-21,1.615,20.26,17.76,23
2017-05-22,1.62,19.88,20.26,0
2017-05-23,0.328,18.06,19.88,5
2017-05-24,0.299,30.59,18.06,5
2017-05-25,0.329,23.98,30.59,18
2017-05-26,0.634,22.52,23.98,19
2017-05-27,1.5509999999999995,14.59,22.52,17
2017-05-28,0.763,23.52,14.59,16
2017-05-29,0.379,20.93,23.52,11
2017-05-30,0.397,25.45,20.93,13
2017-05-31,0.301,28.22,25.45,5
2017-06-01,0.7170000000000001,27.04,28.22,20
2017-06-02,0.333,24.49,27.04,20
2017-06-03,0.306,25.62,24.49,5
2017-06-04,0.544,29.97,25.62,8
2017-06-05,0.372,26.14,29.97,6
2017-06-06,0.589,24.05,26.14,7
2017-06-07,0.374,27.32,24.05,4
2017-06-08,0.38,30.03,27.32,9
2017-06-09,0.338,36.18,30.03,5
2017-06-10,0.401,34.9,36.18,5
2017-06-11,0.288,27.4,34.9,6
2017-06-12,0.354,35.32,27.4,7
2017-06-13,0.545,27.48,35.32,18
2017-06-14,0.5910000000000001,30.51,27.48,6
2017-06-15,0.343,32.48,30.51,22
2017-06-16,0.307,34.22,32.48,5
2017-06-17,0.435,27.79,34.22,17
2017-06-18,0.338,30.64,27.79,4
2017-06-19,0.31,32.3,30.64,15
2017-06-20,0.685,36.78,32.3,17
2017-06-21,0.543,36.28,36.78,11
2017-06-22,0.338,31.85,36.28,6
2017-06-23,1.005,18.32,31.85,8
2017-06-24,0.453,23.78,18.32,8
2017-06-25,0.425,24.04,23.78,18
2017-06-26,0.317,32.09,24.04,6
2017-06-27,0.335,35.9,32.09,5
2017-06-28,0.3370000000000001,29.88,35.9,7
2017-06-29,0.7510000000000001,29.41,29.88,17
2017-06-30,0.326,25.0,29.41,15
2017-07-01,0.352,31.97,25.0,7
2017-07-02,0.906,30.81,31.97,14
2017-07-03,0.323,31.73,30.81,7
2017-07-04,0.631,32.63,31.73,21
2017-07-05,0.393,38.18,32.63,13
2017-07-06,0.292,33.85,38.18,6
2017-07-07,0.32,28.81,33.85,12
2017-07-08,0.306,32.38,28.81,6
2017-07-09,0.334,34.93,32.38,16
2017-07-10,0.406,30.92,34.93,5
2017-07-11,0.377,34.41,30.92,17
2017-07-12,0.498,23.29,34.41,22
2017-07-13,0.388,31.16,23.29,6
2017-07-14,0.319,30.5,31.16,6
2017-07-15,0.463,27.54,30.5,6
2017-07-16,0.34,31.89,27.54,21
2017-07-17,0.452,34.35,31.89,8
2017-07-18,0.283,33.76,34.35,6
2017-07-19,0.404,35.69,33.76,14
2017-07-20,0.385,31.74,35.69,11
2017-07-21,0.7090000000000001,32.81,31.74,13
2017-07-22,0.338,32.04,32.81,16
2017-07-23,0.449,34.09,32.04,20
2017-07-24,0.551,36.04,34.09,7
2017-07-25,0.39,32.79,36.04,11
2017-07-26,0.489,25.7,32.79,21
2017-07-27,0.638,33.8,25.7,18
2017-07-28,0.309,32.57,33.8,17
2017-07-29,0.617,25.51,32.57,12
2017-07-30,0.485,27.51,25.51,6
2017-07-31,0.369,30.47,27.51,9
2017-08-01,0.311,32.32,30.47,7
2017-08-02,0.379,29.84,32.32,5
2017-08-03,0.425,20.29,29.84,16
2017-08-04,0.382,32.43,20.29,14
2017-08-05,0.329,29.0,32.43,11
2017-08-06,0.381,24.5,29.0,6
2017-08-07,0.49,17.35,24.5,17
2017-08-08,0.313,22.21,17.35,7
2017-08-09,0.327,27.11,22.21,20
2017-08-10,0.464,23.89,27.11,6
2017-08-11,0.337,27.21,23.89,7
2017-08-12,0.366,28.72,27.21,14
2017-08-13,0.669,30.57,28.72,13
2017-08-14,0.318,30.83,30.57,6
2017-08-15,0.337,28.32,30.83,21
2017-08-16,0.329,25.44,28.32,20
2017-08-17,0.3420000000000001,29.81,25.44,6
2017-08-18,0.308,32.6,29.81,0
2017-08-19,0.549,34.99,32.6,15
2017-08-20,0.391,32.01,34.99,13
2017-08-21,0.374,29.59,32.01,5
2017-08-22,0.318,28.06,29.59,6
2017-08-23,0.328,30.78,28.06,8
2017-08-24,0.319,29.11,30.78,20
2017-08-25,0.357,32.97,29.11,16
2017-08-26,0.441,33.88,32.97,17
2017-08-27,0.412,32.19,33.88,7
2017-08-28,0.438,33.28,32.19,14
2017-08-29,0.36,34.54,33.28,6
2017-08-30,0.529,31.93,34.54,9
2017-08-31,0.636,29.11,31.93,21
2017-09-01,0.423,30.94,29.11,6
2017-09-02,0.301,34.77,30.94,6
2017-09-03,0.395,37.53,34.77,14
2017-09-04,0.375,32.76,37.53,7
2017-09-05,0.367,22.49,32.76,6
2017-09-06,0.324,29.41,22.49,0
2017-09-07,0.311,28.66,29.41,22
2017-09-08,0.36,31.06,28.66,5
2017-09-09,0.365,30.64,31.06,5
2017-09-10,0.397,32.4,30.64,15
2017-09-11,0.732,29.95,32.4,18
2017-09-12,0.324,32.61,29.95,6
2017-09-13,0.321,31.24,32.61,19
2017-09-14,0.47,31.34,31.24,16
2017-09-15,0.362,28.48,31.34,5
2017-09-16,0.314,22.5,28.48,11
2017-09-17,0.345,22.05,22.5,7
2017-09-18,0.319,29.26,22.05,5
2017-09-19,0.649,30.9,29.26,7
2017-09-20,0.353,26.59,30.9,20
2017-09-21,0.404,34.2,26.59,11
2017-09-22,0.328,22.19,34.2,6
2017-09-23,1.529,12.98,22.19,20
2017-09-24,1.786,9.42,12.98,19
2017-09-25,1.6509999999999996,11.33,9.42,20
2017-09-26,2.215,15.65,11.33,15
2017-09-27,1.912,11.57,15.65,17
2017-09-28,2.128,15.6,11.57,9
2017-09-29,1.6029999999999998,17.49,15.6,8
2017-09-30,0.28,22.74,17.49,23
2017-10-01,0.993,21.88,22.74,2
2017-10-02,1.6310000000000002,7.66,21.88,19
2017-10-03,0.394,14.79,7.66,21
2017-10-04,0.3139999999999999,21.51,14.79,9
2017-10-05,0.271,19.94,21.51,6
2017-10-06,0.608,18.96,19.94,7
2017-10-07,1.104,27.89,18.96,21
2017-10-08,1.909,19.34,27.89,20
2017-10-09,1.6609999999999998,4.11,19.34,18
2017-10-10,1.6249999999999996,18.26,4.11,20
2017-10-11,1.591,22.24,18.26,0
2017-10-12,1.5699999999999998,26.19,22.24,21
2017-10-13,0.338,19.59,26.19,6
2017-10-14,1.68,15.71,19.59,23
2017-10-15,1.598,19.32,15.71,18
2017-10-16,1.626,26.8,19.32,20
2017-10-17,0.533,27.74,26.8,20
2017-10-18,0.346,27.46,27.74,6
2017-10-19,1.717,23.83,27.46,20
2017-10-20,1.628,25.68,23.83,0
2017-10-21,1.979,12.86,25.68,22
2017-10-22,1.6709999999999998,20.64,12.86,19
2017-10-23,1.7709999999999997,16.69,20.64,15
2017-10-24,1.4220000000000002,18.54,16.69,20
2017-10-25,1.137,29.91,18.54,21
2017-10-26,1.715,16.32,29.91,21
2017-10-27,1.667,5.997,16.32,1
2017-10-28,1.795,16.97,5.997,15
2017-10-29,1.6389999999999998,23.22,16.97,19
2017-10-30,1.5869999999999995,3.958,23.22,20
2017-10-31,1.665,11.71,3.958,0
2017-11-01,1.1880000000000002,21.7,11.71,19
2017-11-02,1.611,9.16,21.7,19
2017-11-03,1.6379999999999997,14.97,9.16,19
2017-11-04,0.882,21.16,14.97,20
2017-11-05,1.961,11.37,21.16,21
2017-11-06,1.612,4.794,11.37,20
2017-11-07,1.5519999999999998,2.12,4.794,20
2017-11-08,1.602,15.14,2.12,22
2017-11-09,1.6419999999999997,6.707,15.14,2
2017-11-10,1.706,14.25,6.707,12
2017-11-11,1.781,15.42,14.25,11
2017-11-12,1.637,14.4,15.42,20
2017-11-13,1.647,22.25,14.4,22
2017-11-14,1.7240000000000002,19.98,22.25,10
2017-11-15,1.62,11.99,19.98,21
2017-11-16,1.6449999999999998,24.27,11.99,23
2017-11-17,1.656,18.21,24.27,20
2017-11-18,1.623,10.63,18.21,22
2017-11-19,1.635,15.86,10.63,21
2017-11-20,1.788,20.34,15.86,13
2017-11-21,1.6029999999999998,13.04,20.34,5
2017-11-22,2.04,21.1,13.04,17
2017-11-23,1.6699999999999997,21.0,21.1,18
2017-11-24,1.619,20.39,21.0,22
2017-11-25,0.998,16.62,20.39,18
2017-11-26,1.067,24.61,16.62,20
2017-11-27,1.233,24.18,24.61,21
2017-11-28,1.71,10.07,24.18,20
2017-11-29,1.723,18.9,10.07,0
2017-11-30,1.651,13.03,18.9,21
2017-12-01,3.125,16.98,13.03,19
2017-12-02,1.868,18.36,16.98,7
2017-12-03,2.252,18.66,18.36,7
2017-12-04,1.7519999999999998,7.54,18.66,7
2017-12-05,1.7679999999999998,11.11,7.54,6
2017-12-06,3.214,4.244,11.11,7
2017-12-07,1.6209999999999998,2.134,4.244,22
2017-12-08,1.586,14.66,2.134,21
2017-12-09,1.614,16.44,14.66,23
2017-12-10,1.7089999999999996,17.18,16.44,23
2017-12-11,1.648,14.17,17.18,22
2017-12-12,0.872,20.04,14.17,20
2017-12-13,1.709,11.7,20.04,20
2017-12-14,2.891,3.883,11.7,19
2017-12-15,3.005,19.1,3.883,17
2017-12-16,1.819,10.41,19.1,9
2017-12-17,1.963,5.178,10.41,22
2017-12-18,1.848,13.61,5.178,7
2017-12-19,3.18,11.06,13.61,18
2017-12-20,1.595,18.09,11.06,1
2017-12-21,1.629,2.58,18.09,20
2017-12-22,1.834,7.42,2.58,5
2017-12-23,2.84,6.771,7.42,22
2017-12-24,3.752,0.011,6.771,6
2017-12-25,1.887,-3.833,0.011,15
2017-12-26,3.114,-9.72,-3.833,13
2017-12-27,1.743,12.22,-9.72,1
2017-12-28,1.7300000000000002,11.49,12.22,0
2017-12-29,1.827,17.56,11.49,6
2017-12-30,1.7829999999999997,0.421,17.56,22
2017-12-31,1.6909999999999998,-2.476,0.421,22
2018-01-01,1.839,0.488,-2.476,8
2018-01-02,1.7899999999999998,7.07,0.488,7
2018-01-03,1.5359999999999998,11.17,7.07,21
2018-01-04,1.6860000000000002,11.02,11.17,23
2018-01-05,1.816,12.32,11.02,19
2018-01-06,1.884,14.75,12.32,7
2018-01-07,1.7109999999999996,11.81,14.75,20
2018-01-08,2.0,10.0,11.81,14
2018-01-09,1.755,18.59,10.0,0
2018-01-10,1.877,13.08,18.59,6
2018-01-11,1.934,5.929,13.08,7
2018-01-12,1.859,8.84,5.929,20
2018-01-13,2.012,10.66,8.84,8
2018-01-14,2.139,15.26,10.66,8
2018-01-15,3.4610000000000003,0.17,15.26,16
2018-01-16,2.089,4.049,0.17,8
2018-01-17,3.08,11.24,4.049,6
2018-01-18,3.061,18.36,11.24,9
2018-01-19,1.7139999999999995,20.22,18.36,6
2018-01-20,1.691,8.84,20.22,7
2018-01-21,1.775,-1.25,8.84,6
2018-01-22,1.7199999999999998,7.43,-1.25,6
2018-01-23,1.615,6.599,7.43,21
2018-01-24,1.6909999999999998,11.71,6.599,20
2018-01-25,3.241,14.91,11.71,19
2018-01-26,3.152,3.957,14.91,17
2018-01-27,1.75,7.35,3.957,7
2018-01-28,1.909,10.67,7.35,9
2018-01-29,1.588,15.31,10.67,21
2018-01-30,1.6839999999999995,16.11,15.31,6
2018-01-31,1.7019999999999995,8.4,16.11,6
2018-02-01,1.7509999999999997,0.013,8.4,17
2018-02-02,1.7139999999999995,12.55,0.013,6
2018-02-03,1.61,13.61,12.55,1
2018-02-04,1.716,9.31,13.61,7
2018-02-05,1.759,11.81,9.31,6
2018-02-06,1.707,9.16,11.81,18
2018-02-07,1.753,13.26,9.16,6
2018-02-08,1.797,16.57,13.26,7
2018-02-09,1.929,5.416,16.57,23
2018-02-10,1.7979999999999996,-7.53,5.416,0
2018-02-11,1.956,8.34,-7.53,6
2018-02-12,1.7039999999999995,-3.911,8.34,6
2018-02-13,1.693,14.57,-3.911,6
2018-02-14,1.63,19.95,14.57,0
2018-02-15,1.737,9.46,19.95,6
2018-02-16,1.774,6.072,9.46,6
2018-02-17,1.616,16.18,6.072,22
2018-02-18,1.7020000000000002,20.68,16.18,20
2018-02-19,1.737,-4.811,20.68,6
2018-02-20,1.703,-8.88,-4.811,9
2018-02-21,2.254,-2.531,-8.88,13
2018-02-22,1.737,-1.733,-2.531,0
2018-02-23,1.779,0.125,-1.733,15
2018-02-24,1.666,4.78,0.125,6
2018-02-25,1.575,7.58,4.78,21
2018-02-26,1.6229999999999998,13.28,7.58,6
2018-02-27,1.6109999999999998,12.78,13.28,22
2018-02-28,1.504,11.29,12.78,22
2018-03-01,1.7219999999999998,13.25,11.29,6
2018-03-02,1.499,25.01,13.25,2
2018-03-03,1.5719999999999998,21.67,25.01,21
2018-03-04,1.571,20.74,21.67,23
2018-03-05,1.5729999999999995,4.487,20.74,21
2018-03-06,1.606,11.71,4.487,21
2018-03-07,0.963,11.53,11.71,21
2018-03-08,2.375,18.85,11.53,8
2018-03-09,0.8450000000000001,18.63,18.85,22
2018-03-10,1.613,11.73,18.63,20
2018-03-11,1.81,11.57,11.73,6
2018-03-12,2.021,15.14,11.57,6
2018-03-13,1.6,15.72,15.14,19
2018-03-14,1.56,20.11,15.72,12
2018-03-15,1.606,18.47,20.11,21
2018-03-16,1.533,14.38,18.47,1
2018-03-17,1.615,18.98,14.38,19
2018-03-18,1.608,11.62,18.98,20
2018-03-19,1.772,7.53,11.62,5
2018-03-20,1.723,11.5,7.53,17
2018-03-21,1.664,20.22,11.5,20
2018-03-22,1.6149999999999998,21.82,20.22,0
2018-03-23,1.6589999999999998,20.41,21.82,20
2018-03-24,1.5759999999999996,20.17,20.41,20
2018-03-25,1.6909999999999998,17.7,20.17,5
2018-03-26,1.7420000000000002,11.2,17.7,17
2018-03-27,1.718,16.25,11.2,5
2018-03-28,1.6119999999999997,8.62,16.25,20
2018-03-29,1.8,9.95,8.62,12
2018-03-30,1.589,17.13,9.95,20
2018-03-31,1.638,14.97,17.13,6
2018-04-01,1.545,14.2,14.97,0
2018-04-02,1.5709999999999995,23.17,14.2,22
2018-04-03,1.616,15.82,23.17,0
2018-04-04,1.6449999999999998,18.48,15.82,20
2018-04-05,1.5489999999999997,19.07,18.48,20
2018-04-06,1.5699999999999998,8.67,19.07,20
2018-04-07,1.713,14.84,8.67,5
2018-04-08,1.5930000000000002,16.29,14.84,23
2018-04-09,1.5519999999999998,14.8,16.29,0
2018-04-10,1.535,21.7,14.8,2
2018-04-11,0.845,27.72,21.7,19
2018-04-12,1.469,27.89,27.72,22
2018-04-13,1.621,8.16,27.89,21
2018-04-14,1.6629999999999996,14.22,8.16,21
2018-04-15,1.646,17.78,14.22,19
2018-04-16,1.664,21.09,17.78,22
2018-04-17,1.719,21.72,21.09,19
2018-04-18,1.716,15.54,21.72,18
2018-04-19,1.657,20.66,15.54,19
2018-04-20,1.7899999999999998,11.71,20.66,8
2018-04-21,1.7149999999999996,6.405,11.71,20
2018-04-22,1.5299999999999998,19.56,6.405,1
2018-04-23,1.6399999999999997,23.1,19.56,3
2018-04-24,1.645,5.289,23.1,18
2018-04-25,1.539,23.4,5.289,1
2018-04-26,2.003,16.51,23.4,12
2018-04-27,1.604,24.41,16.51,18
2018-04-28,0.286,28.95,24.41,6
2018-04-29,0.262,28.88,28.95,5
2018-04-30,0.273,22.71,28.88,6
2018-05-01,0.305,17.14,22.71,5
2018-05-02,3.0749999999999997,9.24,17.14,19
2018-05-03,2.943,11.8,9.24,2
2018-05-04,1.616,22.79,11.8,9
2018-05-05,0.432,24.45,22.79,10
2018-05-06,0.324,26.83,24.45,7
2018-05-07,0.678,26.21,26.83,11
2018-05-08,0.512,26.16,26.21,6
2018-05-09,0.276,25.73,26.16,5
2018-05-10,0.307,32.98,25.73,5
2018-05-11,0.323,23.65,32.98,6
2018-05-12,0.334,15.59,23.65,5
2018-05-13,0.748,14.9,15.59,20
2018-05-14,0.383,19.68,14.9,6
2018-05-15,0.298,24.68,19.68,5
2018-05-16,0.681,29.09,24.68,7
2018-05-17,0.472,28.65,29.09,6
2018-05-18,0.338,19.94,28.65,6
2018-05-19,1.589,10.8,19.94,21
2018-05-20,1.206,13.51,10.8,19
2018-05-21,0.299,27.74,13.51,5
2018-05-22,0.318,26.93,27.74,5
2018-05-23,0.328,28.76,26.93,6
2018-05-24,0.314,31.82,28.76,5
2018-05-25,0.319,33.4,31.82,5
2018-05-26,0.474,32.04,33.4,19
2018-05-27,0.3,29.4,32.04,6
2018-05-28,0.677,19.68,29.4,10
2018-05-29,0.42,25.12,19.68,7
2018-05-30,0.35,28.77,25.12,6
2018-05-31,0.355,33.02,28.77,5
2018-06-01,0.277,33.38,33.02,6
2018-06-02,0.2629999999999999,28.18,33.38,6
2018-06-03,0.372,23.67,28.18,6
2018-06-04,0.268,33.27,23.67,21
2018-06-05,0.327,34.55,33.27,6
2018-06-06,0.344,30.98,34.55,6
2018-06-07,0.316,32.53,30.98,22
2018-06-08,0.381,32.64,32.53,5
2018-06-09,0.2639999999999999,36.26,32.64,6
2018-06-10,0.252,35.03,36.26,7
2018-06-11,0.243,29.88,35.03,20
2018-06-12,0.2789999999999999,32.17,29.88,6
2018-06-13,0.289,36.75,32.17,4
2018-06-14,0.352,33.37,36.75,6
2018-06-15,0.3389999999999999,33.17,33.37,6
2018-06-16,0.33,29.45,33.17,21
2018-06-17,0.742,21.7,29.45,15
2018-06-18,0.498,25.47,21.7,13
2018-06-19,0.78,24.81,25.47,14
2018-06-20,0.5509999999999999,25.19,24.81,15
2018-06-21,0.222,28.45,25.19,6
2018-06-22,0.311,29.91,28.45,6
2018-06-23,0.485,32.71,29.91,15
2018-06-24,0.6220000000000001,21.68,32.71,13
2018-06-25,0.874,29.28,21.68,15
2018-06-26,0.742,36.37,29.28,12
2018-06-27,0.635,36.96,36.37,12
2018-06-28,0.8089999999999999,38.17,36.96,12
2018-06-29,0.278,34.28,38.17,4
2018-06-30,0.405,21.87,34.28,7
2018-07-01,0.649,32.77,21.87,21
2018-07-02,0.384,34.49,32.77,0
2018-07-03,0.6310000000000001,34.23,34.49,5
2018-07-04,0.338,33.71,34.23,0
2018-07-05,1.057,29.04,33.71,13
2018-07-06,0.89,33.84,29.04,13
2018-07-07,0.812,36.73,33.84,13
2018-07-08,0.364,36.19,36.73,23
2018-07-09,0.374,36.54,36.19,21
2018-07-10,0.491,38.01,36.54,17
2018-07-11,0.382,35.49,38.01,16
2018-07-12,0.476,28.43,35.49,18
2018-07-13,0.5640000000000001,32.62,28.43,11
2018-07-14,0.357,36.12,32.62,6
2018-07-15,0.722,24.36,36.12,13
2018-07-16,0.593,32.11,24.36,5
2018-07-17,0.503,29.7,32.11,21
2018-07-18,0.559,34.76,29.7,3
2018-07-19,0.41,37.49,34.76,5
2018-07-20,0.461,34.48,37.49,7
2018-07-21,0.5660000000000001,27.39,34.48,15
2018-07-22,0.526,33.66,27.39,16
2018-07-23,0.44,24.89,33.66,16
2018-07-24,0.315,30.68,24.89,16
2018-07-25,0.342,26.67,30.68,15
2018-07-26,0.369,28.24,26.67,20
2018-07-27,0.406,27.68,28.24,7
2018-07-28,0.475,25.53,27.68,18
2018-07-29,0.37,27.1,25.53,6
2018-07-30,0.435,26.52,27.1,16
2018-07-31,0.497,31.11,26.52,11
2018-08-01,0.6590000000000001,27.29,31.11,5
2018-08-02,0.398,33.28,27.29,9
2018-08-03,0.418,26.29,33.28,21
2018-08-04,0.474,34.0,26.29,22
2018-08-05,0.5830000000000001,31.03,34.0,8
2018-08-06,0.483,28.85,31.03,6
2018-08-07,0.514,32.14,28.85,7
2018-08-08,0.391,30.75,32.14,15
2018-08-09,0.498,32.19,30.75,10
2018-08-10,0.627,32.21,32.19,14
2018-08-11,0.644,34.42,32.21,11
2018-08-12,1.052,35.18,34.42,1
2018-08-13,0.686,31.9,35.18,12
2018-08-14,0.68,29.12,31.9,13
2018-08-15,0.471,32.34,29.12,7
2018-08-16,0.615,32.48,32.34,15
2018-08-17,1.114,31.74,32.48,8
2018-08-18,0.4629999999999999,27.57,31.74,9
2018-08-19,0.352,22.35,27.57,0
2018-08-20,0.379,26.55,22.35,19
2018-08-21,0.343,18.72,26.55,7
2018-08-22,0.389,28.37,18.72,6
2018-08-23,0.312,31.93,28.37,6
2018-08-24,0.408,33.21,31.93,5
2018-08-25,0.411,32.61,33.21,6
2018-08-26,0.382,32.51,32.61,19
2018-08-27,0.349,36.61,32.51,21
2018-08-28,0.435,23.7,36.61,7
2018-08-29,0.7200000000000001,34.12,23.7,7
2018-08-30,0.449,33.12,34.12,11
2018-08-31,0.372,30.36,33.12,7
2018-09-01,0.316,28.82,30.36,7
2018-09-02,0.438,28.4,28.82,20
2018-09-03,0.526,31.6,28.4,8
2018-09-04,0.502,28.79,31.6,21
2018-09-05,0.805,21.52,28.79,10
2018-09-06,0.391,22.4,21.52,7
2018-09-07,0.8270000000000001,25.72,22.4,8
2018-09-08,0.696,31.1,25.72,15
2018-09-09,0.5770000000000001,32.11,31.1,15
2018-09-10,0.543,34.97,32.11,14
2018-09-11,1.1800000000000002,34.14,34.97,15
2018-09-12,0.667,36.49,34.14,15
2018-09-13,0.408,37.33,36.49,16
2018-09-14,0.929,34.53,37.33,12
2018-09-15,1.1879999999999995,36.08,34.53,22
2018-09-16,0.657,36.56,36.08,16
2018-09-17,0.536,32.36,36.56,11
2018-09-18,0.777,32.11,32.36,13
2018-09-19,0.489,28.41,32.11,14
2018-09-20,0.731,30.48,28.41,11
2018-09-21,1.039,27.14,30.48,16
2018-09-22,0.386,31.13,27.14,7
2018-09-23,0.913,31.61,31.13,12
2018-09-24,0.81,24.49,31.61,11
2018-09-25,0.73,20.87,24.49,18
2018-09-26,0.845,27.7,20.87,10
2018-09-27,0.475,26.49,27.7,14
2018-09-28,0.359,13.53,26.49,22
2018-09-29,0.447,30.24,13.53,9
2018-09-30,0.585,15.34,30.24,10
2018-10-01,0.752,19.5,15.34,14
2018-10-02,0.513,25.98,19.5,19
2018-10-03,0.422,32.01,25.98,7
2018-10-04,0.426,18.91,32.01,11
2018-10-05,0.412,22.4,18.91,23
2018-10-06,0.346,12.65,22.4,19
2018-10-07,1.654,8.22,12.65,21
2018-10-08,2.343,5.252,8.22,13
2018-10-09,1.843,4.037,5.252,13
2018-10-10,3.072,2.698,4.037,23
2018-10-11,3.066,7.12,2.698,21
2018-10-12,1.62,18.76,7.12,20
2018-10-13,1.666,18.96,18.76,22
2018-10-14,1.7459999999999998,-1.0,18.96,18
2018-10-15,2.905,9.77,-1.0,22
2018-10-16,2.96,14.56,9.77,10
2018-10-17,2.977,18.99,14.56,10
2018-10-18,1.724,21.57,18.99,22
2018-10-19,0.329,20.08,21.57,7
2018-10-20,0.366,22.4,20.08,7
2018-10-21,0.505,23.74,22.4,10
2018-10-22,0.441,23.14,23.74,7
2018-10-23,1.6209999999999998,17.3,23.14,18
2018-10-24,1.003,17.27,17.3,20
2018-10-25,2.038,19.0,17.27,20
2018-10-26,1.4249999999999998,21.3,19.0,20
2018-10-27,1.6189999999999998,22.43,21.3,6
2018-10-28,0.956,26.36,22.43,20
2018-10-29,0.7989999999999999,27.0,26.36,22
2018-10-30,1.909,6.61,27.0,6
2018-10-31,1.7029999999999998,11.02,6.61,9
2018-11-01,1.862,13.03,11.02,9
2018-11-02,2.957,17.92,13.03,9
2018-11-03,2.6140000000000003,10.83,17.92,6
2018-11-04,2.8750000000000004,12.66,10.83,21
2018-11-05,1.723,12.48,12.66,19
2018-11-06,2.03,10.19,12.48,9
2018-11-07,2.098,6.418,10.19,21
2018-11-08,2.927,4.781,6.418,11
2018-11-09,2.7349999999999994,8.82,4.781,11
2018-11-10,2.627,13.92,8.82,9
2018-11-11,2.498,0.121,13.92,22
2018-11-12,3.317,1.108,0.121,20
2018-11-13,3.274,10.97,1.108,9
2018-11-14,2.67,17.32,10.97,5
2018-11-15,1.875,15.46,17.32,19
2018-11-16,1.783,13.55,15.46,9
2018-11-17,2.955,3.226,13.55,13
2018-11-18,3.005,10.05,3.226,20
2018-11-19,3.0140000000000007,10.32,10.05,0
2018-11-20,1.893,14.74,10.32,8
2018-11-21,1.697,17.39,14.74,20
2018-11-22,2.177,14.25,17.39,19
2018-11-23,1.809,12.15,14.25,7
2018-11-24,3.067,13.4,12.15,6
2018-11-25,1.961,6.432,13.4,20
2018-11-26,2.041,12.28,6.432,20
2018-11-27,1.815,12.29,12.28,20
2018-11-28,1.891,16.51,12.29,20
2018-11-29,1.888,9.15,16.51,21
2018-11-30,2.29,2.033,9.15,23
2018-12-01,3.38,8.19,2.033,11
2018-12-02,3.179,2.296,8.19,23
2018-12-03,3.175,0.989,2.296,2
2018-12-04,2.7299999999999995,4.44,0.989,1
2018-12-05,3.853,10.43,4.44,9
2018-12-06,1.83,-1.587,10.43,20
2018-12-07,3.075999999999999,6.196,-1.587,2
2018-12-08,1.796,9.3,6.196,18
2018-12-09,1.828,7.53,9.3,7
2018-12-10,1.7779999999999998,12.61,7.53,7
2018-12-11,1.894,14.81,12.61,20
2018-12-12,2.03,14.45,14.81,21
2018-12-13,1.7359999999999998,7.56,14.45,20
2018-12-14,1.695,13.43,7.56,23
2018-12-15,1.882,14.05,13.43,13
2018-12-16,1.7839999999999998,15.54,14.05,6
2018-12-17,1.826,14.39,15.54,7
2018-12-18,1.815,14.08,14.39,21
2018-12-19,1.838,10.05,14.08,9
2018-12-20,2.038,10.0,10.05,20
2018-12-21,1.6899999999999995,15.48,10.0,20
2018-12-22,1.6779999999999995,3.119,15.48,21
2018-12-23,1.777,11.1,3.119,22
2018-12-24,1.948,9.79,11.1,8
2018-12-25,2.186,7.19,9.79,18
2018-12-26,1.7439999999999998,3.873,7.19,8
2018-12-27,1.993,-1.572,3.873,8
2018-12-28,1.977,-5.246,-1.572,11
2018-12-29,1.7769999999999997,4.873,-5.246,7
2018-12-30,1.849,12.56,4.873,5
2018-12-31,3.129,0.606,12.56,19
2019-01-01,3.184,-8.84,0.606,9
2019-01-02,3.2270000000000003,6.179,-8.84,7
2019-01-03,1.912,12.74,6.179,17
2019-01-04,1.6869999999999998,16.32,12.74,10
2019-01-05,2.52,14.14,16.32,20
2019-01-06,1.902,13.27,14.14,6
2019-01-07,1.898,11.55,13.27,6
2019-01-08,2.33,6.523,11.55,16
2019-01-09,1.7479999999999998,9.54,6.523,18
2019-01-10,2.066,13.91,9.54,10
2019-01-11,2.315,6.353,13.91,20
2019-01-12,2.113,6.078,6.353,10
2019-01-13,2.628,6.736,6.078,11
2019-01-14,1.799,10.73,6.736,18
2019-01-15,1.85,11.15,10.73,16
2019-01-16,1.793,12.46,11.15,20
2019-01-17,1.711,14.71,12.46,8
2019-01-18,3.039,2.099,14.71,13
2019-01-19,3.147,9.35,2.099,23
2019-01-20,3.33,13.57,9.35,7
2019-01-21,1.719,14.95,13.57,7
2019-01-22,1.873,-0.028,14.95,20
2019-01-23,1.902,7.65,-0.028,20
2019-01-24,1.88,0.176,7.65,20
2019-01-25,3.227,5.592,0.176,19
2019-01-26,2.2540000000000004,8.26,5.592,17
2019-01-27,1.7679999999999998,12.08,8.26,21
2019-01-28,1.864,0.689,12.08,13
2019-01-29,3.112,2.258,0.689,21
2019-01-30,3.1859999999999995,10.45,2.258,20
2019-01-31,3.099,11.75,10.45,0
2019-02-01,1.7919999999999998,15.47,11.75,5
2019-02-02,1.7559999999999998,15.84,15.47,7
2019-02-03,2.042,18.46,15.84,9
2019-02-04,1.807,13.26,18.46,10
2019-02-05,1.7289999999999996,8.98,13.26,16
2019-02-06,1.7359999999999998,-3.195,8.98,6
2019-02-07,3.128,-6.913,-3.195,22
2019-02-08,3.213,0.48,-6.913,9
2019-02-09,3.133,5.414,0.48,22
2019-02-10,3.083,-0.099,5.414,21
2019-02-11,2.5009999999999994,3.171,-0.099,0
2019-02-12,1.738,10.08,3.171,19
2019-02-13,2.064,14.53,10.08,21
2019-02-14,1.738,14.0,14.53,19
2019-02-15,1.7359999999999998,16.5,14.0,7
2019-02-16,1.859,2.525,16.5,21
2019-02-17,3.236,1.444,2.525,8
2019-02-18,2.715,-7.7,1.444,7
2019-02-19,3.004,-6.144,-7.7,20
2019-02-20,3.141,4.002,-6.144,22
2019-02-21,3.165,1.694,4.002,10
2019-02-22,2.641,-1.845,1.694,22
2019-02-23,3.111,4.094,-1.845,23
2019-02-24,3.131,9.81,4.094,0
2019-02-25,1.7359999999999998,9.09,9.81,0
2019-02-26,2.076,10.92,9.09,6
2019-02-27,1.885,1.174,10.92,10
2019-02-28,1.848,13.39,1.174,12
2019-03-01,2.193,10.51,13.39,20
2019-03-02,3.13,-0.25,10.51,21
2019-03-03,3.298,-13.12,-0.25,22
2019-03-04,3.274,-4.669,-13.12,22
2019-03-05,3.35,1.707,-4.669,6
2019-03-06,1.948,5.394,1.707,7
2019-03-07,1.703,14.9,5.394,6
2019-03-08,2.2229999999999994,10.18,14.9,16
2019-03-09,1.6989999999999996,11.85,10.18,9
2019-03-10,3.104,9.97,11.85,21
2019-03-11,3.0819999999999994,13.83,9.97,5
2019-03-12,1.859,15.85,13.83,6
2019-03-13,1.6959999999999995,7.08,15.85,6
2019-03-14,1.759,3.221,7.08,6
2019-03-15,3.583,13.59,3.221,19
2019-03-16,3.204,10.22,13.59,0
2019-03-17,1.6760000000000002,11.75,10.22,7
2019-03-18,1.7109999999999996,10.48,11.75,5
2019-03-19,1.707,8.79,10.48,20
2019-03-20,1.851,15.76,8.79,11
2019-03-21,1.754,16.89,15.76,18
2019-03-22,1.6179999999999997,13.55,16.89,1
2019-03-23,1.735,10.66,13.55,19
2019-03-24,1.732,13.44,10.66,20
2019-03-25,1.741,16.5,13.44,6
2019-03-26,1.998,22.01,16.5,11
2019-03-27,1.5949999999999998,24.16,22.01,6
2019-03-28,2.2989999999999995,17.55,24.16,7
2019-03-29,2.685,6.908,17.55,7
2019-03-30,1.756,4.72,6.908,19
2019-03-31,1.777,11.24,4.72,21
2019-04-01,1.6609999999999998,14.84,11.24,9
2019-04-02,1.6869999999999998,12.48,14.84,6
2019-04-03,1.655,18.84,12.48,7
2019-04-04,1.651,21.17,18.84,23
2019-04-05,1.551,22.08,21.17,20
2019-04-06,1.1489999999999998,19.32,22.08,6
2019-04-07,0.939,25.53,19.32,20
2019-04-08,0.511,24.02,25.53,21
2019-04-09,0.448,26.17,24.02,17
2019-04-10,1.648,15.62,26.17,15
2019-04-11,1.66,6.007,15.62,16
2019-04-12,1.6219999999999997,7.11,6.007,1
2019-04-13,1.75,11.67,7.11,12
2019-04-14,1.719,19.45,11.67,9
2019-04-15,1.636,24.1,19.45,19
2019-04-16,1.3579999999999997,17.72,24.1,19
2019-04-17,0.826,19.84,17.72,20
2019-04-18,0.8739999999999999,21.01,19.84,16
2019-04-19,0.977,24.67,21.01,21
2019-04-20,0.497,28.02,24.67,20
2019-04-21,0.8210000000000001,20.16,28.02,5
2019-04-22,1.718,7.83,20.16,20
2019-04-23,0.481,19.83,7.83,7
2019-04-24,0.429,25.06,19.83,19
2019-04-25,1.017,19.76,25.06,20
2019-04-26,0.3279999999999999,25.13,19.76,20
2019-04-27,0.6299999999999999,22.88,25.13,13
2019-04-28,0.843,23.88,22.88,20
2019-04-29,1.6499999999999997,5.74,23.88,20
2019-04-30,1.762,3.592,5.74,11
2019-05-01,1.6919999999999995,7.76,3.592,21
2019-05-02,1.642,16.3,7.76,4
2019-05-03,1.033,20.98,16.3,5
2019-05-04,0.992,21.33,20.98,17
2019-05-05,0.4669999999999999,24.67,21.33,8
2019-05-06,0.425,20.61,24.67,15
2019-05-07,0.483,10.37,20.61,22
2019-05-08,1.668,8.23,10.37,20
2019-05-09,1.743,4.474,8.23,14
2019-05-10,1.7649999999999997,13.15,4.474,6
2019-05-11,1.7279999999999998,18.09,13.15,5
2019-05-12,0.511,25.48,18.09,10
2019-05-13,0.441,25.81,25.48,7
2019-05-14,0.289,28.63,25.81,7
2019-05-15,0.33,31.45,28.63,15
2019-05-16,0.321,26.35,31.45,6
2019-05-17,0.338,20.45,26.35,14
2019-05-18,0.428,16.71,20.45,9
2019-05-19,1.68,11.18,16.71,21
2019-05-20,1.628,6.179,11.18,14
2019-05-21,2.052,5.337,6.179,9
2019-05-22,1.668,8.85,5.337,21
2019-05-23,1.692,7.65,8.85,21
2019-05-24,1.674,23.85,7.65,0
2019-05-25,0.388,27.2,23.85,10
2019-05-26,0.514,21.93,27.2,13
2019-05-27,0.698,22.35,21.93,19
2019-05-28,1.1039999999999996,15.39,22.35,19
2019-05-29,1.7739999999999996,15.88,15.39,21
2019-05-30,0.33,20.87,15.88,6
2019-05-31,0.485,24.43,20.87,21
2019-06-01,0.736,24.5,24.43,19
2019-06-02,0.313,25.98,24.5,6
2019-06-03,0.4660000000000001,26.18,25.98,19
2019-06-04,0.353,26.8,26.18,10
2019-06-05,0.315,25.91,26.8,4
2019-06-06,0.659,28.98,25.91,15
2019-06-07,0.36,28.64,28.98,21
2019-06-08,0.345,27.09,28.64,6
2019-06-09,0.287,19.54,27.09,7
2019-06-10,0.3429999999999999,27.66,19.54,4
2019-06-11,0.319,25.76,27.66,5
2019-06-12,0.407,25.18,25.76,6
2019-06-13,0.446,29.33,25.18,13
2019-06-14,0.509,28.89,29.33,7
2019-06-15,0.484,26.79,28.89,19
2019-06-16,0.42,25.54,26.79,7
2019-06-17,0.648,21.58,25.54,21
2019-06-18,0.37,20.74,21.58,22
2019-06-19,0.535,28.43,20.74,20
2019-06-20,0.508,29.39,28.43,19
2019-06-21,0.404,20.4,29.39,5
2019-06-22,0.336,16.19,20.4,18
2019-06-23,0.444,19.54,16.19,14
2019-06-24,0.475,29.62,19.54,19
2019-06-25,0.391,30.62,29.62,15
2019-06-26,0.387,32.96,30.62,20
2019-06-27,0.393,34.16,32.96,19
2019-06-28,0.584,35.43,34.16,7
2019-06-29,0.596,33.81,35.43,6
2019-06-30,0.657,32.28,33.81,12
2019-07-01,0.479,29.19,32.28,14
2019-07-02,0.456,29.23,29.19,5
2019-07-03,0.508,33.14,29.23,5
2019-07-04,0.6570000000000001,29.6,33.14,18
2019-07-05,0.534,26.46,29.6,6
2019-07-06,0.946,27.15,26.46,18
2019-07-07,0.5940000000000001,31.0,27.15,6
2019-07-08,0.441,31.01,31.0,21
2019-07-09,0.888,33.25,31.01,18
2019-07-10,0.713,31.34,33.25,19
2019-07-11,0.5750000000000001,35.94,31.34,16
2019-07-12,0.487,34.48,35.94,3
2019-07-13,0.7270000000000001,34.6,34.48,6
2019-07-14,0.896,31.36,34.6,17
2019-07-15,0.595,32.28,31.36,6
2019-07-16,0.568,35.24,32.28,5
2019-07-17,0.5690000000000001,36.63,35.24,6
2019-07-18,0.594,37.02,36.63,15
2019-07-19,0.52,38.13,37.02,5
2019-07-20,0.7450000000000001,29.9,38.13,16
2019-07-21,0.599,29.26,29.9,5
2019-07-22,0.505,26.87,29.26,5
2019-07-23,0.676,31.48,26.87,18
2019-07-24,0.549,35.97,31.48,7
2019-07-25,0.556,30.16,35.97,5
2019-07-26,0.459,33.14,30.16,23
2019-07-27,0.5670000000000001,29.88,33.14,12
2019-07-28,0.5670000000000001,32.95,29.88,5
2019-07-29,0.523,34.94,32.95,20
2019-07-30,0.515,35.42,34.94,7
2019-07-31,0.511,31.7,35.42,5
2019-08-01,0.477,27.3,31.7,11
2019-08-02,0.5519999999999999,31.06,27.3,20
2019-08-03,0.559,35.44,31.06,13
2019-08-04,1.354,32.68,35.44,15
2019-08-05,0.541,31.81,32.68,5
2019-08-06,0.502,36.07,31.81,17
2019-08-07,0.557,32.26,36.07,19
2019-08-08,0.438,27.91,32.26,18
2019-08-09,0.482,36.38,27.91,13
2019-08-10,0.8260000000000001,29.49,36.38,13
2019-08-11,0.739,29.71,29.49,21
2019-08-12,0.7430000000000001,35.66,29.71,12
2019-08-13,0.809,31.84,35.66,9
2019-08-14,1.03,32.36,31.84,20
2019-08-15,1.2080000000000002,35.56,32.36,15
2019-08-16,0.5950000000000001,31.96,35.56,7
2019-08-17,0.6030000000000001,33.8,31.96,7
2019-08-18,1.152,35.75,33.8,10
2019-08-19,0.776,37.32,35.75,14
2019-08-20,0.796,36.5,37.32,14
2019-08-21,0.561,30.7,36.5,10
2019-08-22,1.183,30.14,30.7,7
2019-08-23,1.216,31.02,30.14,16
2019-08-24,0.7690000000000001,31.56,31.02,20
2019-08-25,0.5940000000000001,36.95,31.56,7
2019-08-26,0.5210000000000001,27.48,36.95,6
2019-08-27,0.655,27.13,27.48,13
2019-08-28,1.0870000000000002,35.14,27.13,20
2019-08-29,0.7050000000000001,31.1,35.14,5
2019-08-30,0.772,31.61,31.1,19
2019-08-31,0.788,33.74,31.61,8
2019-09-01,0.8640000000000001,36.47,33.74,19
2019-09-02,1.333,38.51,36.47,21
2019-09-03,0.725,27.61,38.51,16
2019-09-04,0.796,32.88,27.61,6
2019-09-05,0.7970000000000002,35.12,32.88,19
2019-09-06,0.673,27.7,35.12,7
2019-09-07,1.064,32.68,27.7,7
2019-09-08,0.791,24.28,32.68,7
2019-09-09,0.503,29.93,24.28,21
2019-09-10,0.6920000000000001,30.81,29.93,11
2019-09-11,1.011,25.64,30.81,7
2019-09-12,0.761,25.31,25.64,20
2019-09-13,1.118,30.75,25.31,18
2019-09-14,0.751,33.81,30.75,21
2019-09-15,1.142,32.13,33.81,6
2019-09-16,0.574,31.56,32.13,17
2019-09-17,0.621,33.29,31.56,6
2019-09-18,0.5980000000000001,26.81,33.29,18
2019-09-19,0.599,30.98,26.81,17
2019-09-20,0.792,34.3,30.98,6
2019-09-21,0.8750000000000001,24.96,34.3,19
2019-09-22,0.728,26.85,24.96,10
2019-09-23,0.431,26.49,26.85,0
2019-09-24,0.219,31.33,26.49,7
2019-09-25,0.618,28.83,31.33,18
2019-09-26,0.6739999999999999,33.3,28.83,16
2019-09-27,0.738,23.45,33.3,19
2019-09-28,0.646,23.55,23.45,18
2019-09-29,0.8550000000000001,33.92,23.55,21
2019-09-30,0.614,22.77,33.92,19
2019-10-01,2.544,11.73,22.77,17
2019-10-02,1.88,20.47,11.73,19
2019-10-03,1.68,20.72,20.47,22
2019-10-04,0.517,24.51,20.72,20
2019-10-05,1.364,22.72,24.51,23
2019-10-06,1.7249999999999996,20.07,22.72,0
2019-10-07,1.0259999999999998,28.65,20.07,18
2019-10-08,0.793,28.63,28.65,6
2019-10-09,1.826,27.23,28.63,21
2019-10-10,2.885,0.005,27.23,22
2019-10-11,2.978,13.0,0.005,5
2019-10-12,1.751,22.75,13.0,0
2019-10-13,2.538,24.76,22.75,8
2019-10-14,1.857,24.62,24.76,20
2019-10-15,0.8380000000000001,17.09,24.62,21
2019-10-16,1.6919999999999995,28.26,17.09,20
2019-10-17,1.563,26.28,28.26,20
2019-10-18,1.718,17.62,26.28,7
2019-10-19,1.1070000000000002,17.83,17.62,14
2019-10-20,1.849,9.07,17.83,21
2019-10-21,1.779,10.66,9.07,0
2019-10-22,1.7699999999999998,16.65,10.66,6
2019-10-23,2.813999999999999,13.7,16.65,20
2019-10-24,2.7969999999999997,8.39,13.7,7
2019-10-25,1.707,18.74,8.39,15
2019-10-26,1.7829999999999997,23.45,18.74,20
2019-10-27,1.7689999999999997,-0.587,23.45,17
2019-10-28,1.826,0.735,-0.587,19
2019-10-29,1.759,-5.628,0.735,14
2019-10-30,2.115,-2.514,-5.628,14
2019-10-31,1.6689999999999998,8.43,-2.514,19
2019-11-01,1.7969999999999997,2.788,8.43,6
2019-11-02,1.979,11.0,2.788,17
2019-11-03,1.827,15.0,11.0,6
2019-11-04,1.7759999999999998,10.04,15.0,21
2019-11-05,2.101,15.33,10.04,19
2019-11-06,1.846,13.91,15.33,20
2019-11-07,1.831,9.92,13.91,6
2019-11-08,1.7869999999999997,20.71,9.92,23
2019-11-09,1.6609999999999998,25.88,20.71,0
2019-11-10,1.5799999999999996,20.28,25.88,19
2019-11-11,1.747,-1.07,20.28,7
2019-11-12,1.7949999999999997,18.17,-1.07,5
2019-11-13,1.7829999999999997,14.15,18.17,19
2019-11-14,2.348,13.26,14.15,19
2019-11-15,2.4530000000000003,20.85,13.26,18
2019-11-16,1.7879999999999998,17.14,20.85,19
2019-11-17,2.222,14.81,17.14,12
2019-11-18,1.5719999999999998,19.93,14.81,20
2019-11-19,2.372,17.01,19.93,17
2019-11-20,0.959,10.98,17.01,20
2019-11-21,0.5870000000000001,-1.453,10.98,6
2019-11-22,0.424,4.279,-1.453,6
2019-11-23,0.911,14.36,4.279,21
2019-11-24,0.5720000000000001,17.37,14.36,17
2019-11-25,0.53,2.921,17.37,7
2019-11-26,0.8490000000000001,-3.458,2.921,14
2019-11-27,0.558,-3.446,-3.458,5
2019-11-28,0.7969999999999999,-1.766,-3.446,16
2019-11-29,0.6390000000000001,-3.206,-1.766,7
2019-11-30,0.501,2.249,-3.206,17
2019-12-01,0.67,3.151,2.249,15
2019-12-02,1.446,9.47,3.151,19
2019-12-03,0.451,13.72,9.47,21
2019-12-04,0.5299999999999999,12.71,13.72,18
2019-12-05,0.383,5.084,12.71,7
2019-12-06,0.42,11.29,5.084,6
2019-12-07,0.373,18.05,11.29,21
2019-12-08,1.16,14.29,18.05,18
2019-12-09,0.653,6.201,14.29,13
2019-12-10,0.54,4.06,6.201,18
2019-12-11,0.519,10.68,4.06,20
2019-12-12,0.3409999999999999,12.34,10.68,7
2019-12-13,0.491,7.35,12.34,20
2019-12-14,0.3320000000000001,3.143,7.35,19
2019-12-15,1.316,0.575,3.143,20
2019-12-16,0.529,1.511,0.575,12
2019-12-17,0.403,7.11,1.511,12
2019-12-18,0.7180000000000001,13.0,7.11,6
2019-12-19,0.322,8.81,13.0,21
2019-12-20,0.477,12.85,8.81,18
2019-12-21,1.0999999999999996,18.0,12.85,9
2019-12-22,0.508,18.85,18.0,18
2019-12-23,0.537,15.31,18.85,6
2019-12-24,0.447,11.51,15.31,22
2019-12-25,0.5980000000000001,11.88,11.51,18
2019-12-26,0.466,2.659,11.88,0
2019-12-27,0.7680000000000001,3.533,2.659,18
2019-12-28,0.5630000000000001,-1.272,3.533,7
2019-12-29,0.537,0.425,-1.272,18
2019-12-30,0.472,3.589,0.425,22
2019-12-31,1.16,8.65,3.589,19
